country,visa_link
precisio,https://www.precisio.tech/web-application-development-services/
Guinea-Bissau,https://www.myvisapassport.com/guinea-bissau-visa/
Mongolia,https://www.myvisapassport.com/mongolia-visa/
Moldova,https://www.myvisapassport.com/moldova-visa/
Mauritania,https://www.myvisapassport.com/mauritania-visa/
Malawi,https://www.myvisapassport.com/malawi-visa/
Madagascar,https://www.myvisapassport.com/madagascar-visa/
Macedonia,https://www.myvisapassport.com/macedonia-visa/
Libya,https://www.myvisapassport.com/libya-visa/
Lesotho,https://www.myvisapassport.com/lesotho-visa/
Lebanon,https://www.myvisapassport.com/lebanon-visa/
Kazakhstan,https://www.myvisapassport.com/kazakhstan-visa/
Jamaica,https://www.myvisapassport.com/jamaica-visa/
Iraq,https://www.myvisapassport.com/iraq-visa/
Iran,https://www.myvisapassport.com/iran-visa/
Honduras,https://www.myvisapassport.com/honduras-visa/
Haiti,https://www.myvisapassport.com/haiti-visa/
Guyana,https://www.myvisapassport.com/guyana-visa/
Grenada,https://www.myvisapassport.com/grenada-visa/
Georgia,https://www.myvisapassport.com/georgia-visa/
Gambia,https://www.myvisapassport.com/gambia-visa/
Eritrea,https://www.myvisapassport.com/eritrea-visa/
Equatorial Guinea,https://www.myvisapassport.com/equatorial-guinea-visa/
Ecuador,https://www.myvisapassport.com/ecuador-visa/
Mauritius,https://www.myvisapassport.com/mauritius-visa/
Kyrgyzstan,https://www.myvisapassport.com/kyrgyzstan-visa/
El Salvador,https://www.myvisapassport.com/el-salvador-visa/
Dominican Republic,https://www.myvisapassport.com/dominican-republic-visa/
Gabon,https://www.myvisapassport.com/gabon-visa/
Mali,https://www.myvisapassport.com/mali-visa/
Guinea,https://www.myvisapassport.com/guinea-visa/
Yemen,https://www.myvisapassport.com/yemen-visa/
Venezuela,https://www.myvisapassport.com/venezuela-visa/
Uzbekistan,https://www.myvisapassport.com/uzbekistan-visa/
Ukraine,https://www.myvisapassport.com/ukraine-visa/
Uganda,https://www.myvisapassport.com/uganda-visa/
Turkmenistan,https://www.myvisapassport.com/turkmenistan-visa/
Tunisia,https://www.myvisapassport.com/tunisia-visa/
Tajikistan,https://www.myvisapassport.com/tajikistan-visa/
St. Kitts and Nevis,https://www.myvisapassport.com/st-kitts-and-nevis-visa/
Sri Lanka,https://www.myvisapassport.com/sri-lanka-visa/
Sierra Leone,https://www.myvisapassport.com/sierra-leone-visa/
Senegal,https://www.myvisapassport.com/senegal-visa/
Swaziland,https://www.myvisapassport.com/swaziland-visa/
Suriname,https://www.myvisapassport.com/suriname-visa/
Sudan,https://www.myvisapassport.com/sudan-visa/
Romania,https://www.myvisapassport.com/romania-visa/
Rwanda,https://www.myvisapassport.com/rwanda-visa/
Philippines,https://www.myvisapassport.com/philippines-visa/
Paraguay,https://www.myvisapassport.com/paraguay-visa/
Papua New Guinea,https://www.myvisapassport.com/papua-new-guinea-visa/
Nicaragua,https://www.myvisapassport.com/nicaragua-visa/
Niger,https://www.myvisapassport.com/niger-visa/
Bosnia and Herzegovina,https://www.myvisapassport.com/bosnia-and-herzegovina-visa/
Barbados,https://www.myvisapassport.com/barbados-visa/
Bahrain,https://www.myvisapassport.com/bahrain-visa/
Bahamas,https://www.myvisapassport.com/bahamas-visa/
Antigua and Barbuda,https://www.myvisapassport.com/antigua-and-barbuda-visa/
Angola,https://www.myvisapassport.com/angola-visa/
Andorra,https://www.myvisapassport.com/andorra-visa/
Djibouti,https://www.myvisapassport.com/djibouti-visa/
Democratic Republic of Congo,https://www.myvisapassport.com/democratic-republic-of-congo-visa/
Costa Rica,https://www.myvisapassport.com/costa-rica-visa/
Comoros,https://www.myvisapassport.com/comoros-visa/
Colombia,https://www.myvisapassport.com/colombia-visa/
Chad,https://www.myvisapassport.com/chad-visa/
Central African Republic,https://www.myvisapassport.com/central-african-republic-visa/
Cape Verde,https://www.myvisapassport.com/cape-verde-visa/
Cameroon,https://www.myvisapassport.com/cameroon-visa/
Burundi,https://www.myvisapassport.com/burundi-visa/
Azerbaijan,https://www.myvisapassport.com/azerbaijan-visa/
United Arab Emirates,https://www.myvisapassport.com/united-arab-emirates-visa/
Uruguay,https://www.myvisapassport.com/uruguay-visa/
Schengen,https://www.myvisapassport.com/schengen-visa/
Brunei,https://www.myvisapassport.com/brunei-visa/
Cyprus,https://www.myvisapassport.com/cyprus-visa/
Albania,https://www.myvisapassport.com/albania-visa/
Europe,https://www.myvisapassport.com/europe-visa/
New Zealand,https://www.myvisapassport.com/new-zealand-visa/
Australia,https://www.myvisapassport.com/australia-visa/
Bulgaria,https://www.myvisapassport.com/bulgaria-visa/
Fiji,https://www.myvisapassport.com/fiji-visa/
Republic of Congo,https://www.myvisapassport.com/republic-of-congo-visa/
Kuwait,https://www.myvisapassport.com/kuwait-visa/
Panama,https://www.myvisapassport.com/panama-visa/
Laos,https://www.myvisapassport.com/laos-visa/
Kiribati,https://www.myvisapassport.com/kiribati-visa/
Armenia,https://www.myvisapassport.com/armenia-visa/
Guatemala,https://www.myvisapassport.com/guatemala-visa/
Thailand,https://www.myvisapassport.com/thailand-visa/
Korea,https://www.myvisapassport.com/korea-visa/
Morocco,https://www.myvisapassport.com/morocco-visa/
Liberia,https://www.myvisapassport.com/liberia-visa/
Peru,https://www.myvisapassport.com/peru-visa/
Mozambique,https://www.myvisapassport.com/mozambique-visa/
Nepal,https://www.myvisapassport.com/nepal-visa/
Cuba,https://www.myvisapassport.com/cuba-visa/
Pakistan,https://www.myvisapassport.com/pakistan-visa/
Myanmar (Burma),https://www.myvisapassport.com/myanmar-burma-visa/
France,https://www.myvisapassport.com/france-visa/
Trinidad and Tobago,https://www.myvisapassport.com/trinidad-and-tobago-visa/
Belgium,https://www.myvisapassport.com/belgium-visa/
Namibia,https://www.myvisapassport.com/namibia-visa/
South Africa,https://www.myvisapassport.com/south-africa-visa/
Turkey,https://www.myvisapassport.com/turkey-visa/
Afghanistan,https://www.myvisapassport.com/afghanistan-visa/
Hungary,https://www.myvisapassport.com/hungary-visa/
Bangladesh,https://www.myvisapassport.com/bangladesh-visa/
Belarus,https://www.myvisapassport.com/belarus-visa/
Botswana,https://www.myvisapassport.com/botswana-visa/
Zimbabwe,https://www.myvisapassport.com/zimbabwe-visa/
Italy,https://www.myvisapassport.com/italy-visa/
Netherlands,https://www.myvisapassport.com/netherlands-visa/
Czech Republic,https://www.myvisapassport.com/czech-republic-visa/
Finland,https://www.myvisapassport.com/finland-visa/
Germany,https://www.myvisapassport.com/germany-visa/
Austria,https://www.myvisapassport.com/austria-visa/
Greece,https://www.myvisapassport.com/greece-visa/
Luxembourg,https://www.myvisapassport.com/luxembourg-visa/
Malta,https://www.myvisapassport.com/malta-visa/
Poland,https://www.myvisapassport.com/poland-visa/
Slovak Republic,https://www.myvisapassport.com/slovak-republic-visa/
Slovenia,https://www.myvisapassport.com/slovenia-visa/
Spain,https://www.myvisapassport.com/spain-visa/
Switzerland,https://www.myvisapassport.com/switzerland-visa/
Israel,https://www.myvisapassport.com/israel-visa/
Taiwan,https://www.myvisapassport.com/taiwan-visa/
Jordan,https://www.myvisapassport.com/jordan-visa/
Malaysia,https://www.myvisapassport.com/malaysia-visa/
Indonesia,https://www.myvisapassport.com/indonesia-visa/
Qatar,https://www.myvisapassport.com/qatar-visa/
Burkina Faso,https://www.myvisapassport.com/burkina-faso-visa/
Belize,https://www.myvisapassport.com/belize-visa/
Ethiopia,https://www.myvisapassport.com/ethiopia-visa/
Denmark,https://www.myvisapassport.com/denmark-visa/
Estonia,https://www.myvisapassport.com/estonia-visa/
Iceland,https://www.myvisapassport.com/iceland-visa/
Latvia,https://www.myvisapassport.com/latvia-visa/
Norway,https://www.myvisapassport.com/norway-visa/
Lithuania,https://www.myvisapassport.com/lithuania-visa/
Portugal,https://www.myvisapassport.com/portugal-visa/
Sweden,https://www.myvisapassport.com/sweden-visa/
Mexico,https://www.myvisapassport.com/mexico-visa/
Argentina,https://www.myvisapassport.com/argentina-visa/
Chile,https://www.myvisapassport.com/chile-visa/
Oman,https://www.myvisapassport.com/oman-visa/
Canada,https://www.myvisapassport.com/canada-visa/
Zambia,https://www.myvisapassport.com/zambia-visa/
Algeria,https://www.myvisapassport.com/algeria-visa/
Cambodia,https://www.myvisapassport.com/cambodia-visa/
Tanzania,https://www.myvisapassport.com/tanzania-visa/
Ghana,https://www.myvisapassport.com/ghana-visa/
Côte d'Ivoire,https://www.myvisapassport.com/cote-divoire-visa/
Egypt,https://www.myvisapassport.com/egypt-visa/
Bolivia,https://www.myvisapassport.com/bolivia-visa/
Syria,https://www.myvisapassport.com/syria-visa/
India,https://www.myvisapassport.com/india-visa/
Saudi Arabia,https://www.myvisapassport.com/saudi-arabia-visa/
Kenya,https://www.myvisapassport.com/kenya-visa/
Ireland,https://www.myvisapassport.com/ireland-visa/
Togo,https://www.myvisapassport.com/togo-visa/
Benin,https://www.myvisapassport.com/benin-visa/
Singapore,https://www.myvisapassport.com/singapore-visa/
United Kingdom,https://www.myvisapassport.com/united-kingdom-visa/
Japan,https://www.myvisapassport.com/japan-visa/
Russia,https://www.myvisapassport.com/russia-visa/
Nigeria,https://www.myvisapassport.com/nigeria-visa/
China,https://www.myvisapassport.com/china-visa/
Brazil,https://www.myvisapassport.com/brazil-visa/
Vietnam,https://www.myvisapassport.com/vietnam-visa/
